place,category,location,tags,description
"जंतर मंतर, जयपुर",tourist_attraction,"26.9247389, 75.8244663","addr:city:Jaipur, addr:country:IN, addr:state:Rajasthan, heritage:operator:whc, historic:archaeological_site, is_in:city:Jaipur, is_in:country:India, is_in:country_code:IN, is_in:iso_3166_2:IN-RJ, is_in:state:Rajasthan, name:जंतर मंतर, जयपुर, name:ar:جايبور, name:bg:Джайпур, name:bn:যন্তর মন্তর, name:en:Jantar Mantar, name:hi:जन्तर मन्तर, जयपुर, name:ja:ジャンタルマンタル天文台, name:ka:ჯანტარ-მანტარი, name:ml:ജന്തർ മന്തർ, ജയ്‌പൂർ, name:or:ଯନ୍ତର ମନ୍ତର, name:ru:Джантар-Мантар, name:ta:ஜந்தர் மந்தர், name:th:ชันตรมันตระ, name:uk:Янтра-мантра, name:zh:简塔·曼塔天文台, ref:whc:1338, start_date:Early 18th century, tourism:attraction, whc:criteria:(iii),(iv), whc:inscription_date:2010, wikidata:Q508634, wikipedia:en:Jantar Mantar","जंतर मंतर, जयपुर (OSM data)"
Hawa Mahal,tourist_attraction,"26.923932, 75.8268652","access:yes, common_name:en:Palace of winds, historic:monument, name:Hawa Mahal, name:de:Hawa Mahal - Palast der Winde, name:fr:Hawa Mahal - Palais des vents, name:hi:हवा महल, name:it:Hawa Mahal - Palazzo dei venti, name:ru:Хава-Махал (Дворец ветров), name:zh:风之宫, opening_hours:Mon-Su 09:00-18:30, tourism:attraction, wikidata:Q836531, wikipedia:en:Hawa Mahal",Hawa Mahal (OSM data)
Jaighar Fort,tourist_attraction,"26.9846903, 75.8453997","castle_type:fortress, historic:castle, name:Jaighar Fort, name:hi:जयगढ़ दुर्ग, tourism:attraction, wikidata:Q2722759",Jaighar Fort (OSM data)
गुलाबी नगरी (पिंक सिटी),tourist_attraction,"26.9232015, 75.8243929","name:गुलाबी नगरी (पिंक सिटी), name:en:Pink City, name:hi:गुलाबी नगरी (पिंक सिटी), tourism:attraction",गुलाबी नगरी (पिंक सिटी) (OSM data)
Unknown,tourist_attraction,"27.0214126, 75.7467627",tourism:attraction,Unknown (OSM data)
Unknown,tourist_attraction,"26.9400336, 75.8165299","name:en:Nahargarh Fort, tourism:attraction, wikipedia:en:Nahargarh Fort",Unknown (OSM data)
Unknown,tourist_attraction,"26.9369522, 75.7573272","addr:housenumber:2B, addr:postcode:302012, addr:street:Khatipura Road, amenity:fire_station, phone:01412466336, tourism:attraction",Unknown (OSM data)
Unknown,tourist_attraction,"26.8455851, 75.7998557","name:en:Clay Botik - Pottery Studio, tourism:attraction",Unknown (OSM data)
Elefantastic,tourist_attraction,"26.9956318, 75.8764569","name:Elefantastic, tourism:attraction",Elefantastic (OSM data)
"Maharaniyon , Jaipur",tourist_attraction,"26.9448268, 75.8407405","name:Maharaniyon , Jaipur, name:en:Maharaniyon, tourism:attraction","Maharaniyon , Jaipur (OSM data)"
Sawai Mansingh Townhall,tourist_attraction,"26.9255317, 75.8272703","name:Sawai Mansingh Townhall, name:en:Sawai Mansingh Townhall, tourism:attraction",Sawai Mansingh Townhall (OSM data)
Unknown,tourist_attraction,"26.9225011, 75.8219616",tourism:attraction,Unknown (OSM data)
Suraj Pol,tourist_attraction,"26.9867318, 75.8513521","historic:city_gate, inscription:Suraj Pol, name:Suraj Pol, name:en:Sun Gate, name:hi:Suraj Pol, name:ru:Солнечные ворота, tourism:attraction",Suraj Pol (OSM data)
Chand Pol,tourist_attraction,"26.987223, 75.8508634","historic:city_gate, inscription:Chand Pol, name:Chand Pol, name:en:Moon Gate, name:ru:Лунные ворота, tourism:attraction",Chand Pol (OSM data)
Diwan-i-Aam,tourist_attraction,"26.9862904, 75.8509196","name:Diwan-i-Aam, name:en:Diwan-i-Am, name:ru:Диван-и-Ам, tourism:attraction",Diwan-i-Aam (OSM data)
Unknown,tourist_attraction,"26.9862093, 75.8510547","name:en:Sattais Kacheri, name:ru:Саттаис-Качери, tourism:attraction",Unknown (OSM data)
Unknown,tourist_attraction,"26.868197, 75.696488","name:ja:ﾎﾃﾙｼﾞｬｲﾌﾟｰﾙｸﾞﾘｰﾝ, tourism:attraction",Unknown (OSM data)
Unknown,tourist_attraction,"26.9839833, 75.8758551","name:en:Elephant ride, name:pt:Andar de elefante, tourism:attraction",Unknown (OSM data)
Elephant village,tourist_attraction,"26.9867146, 75.8661354","addr:street:mahendi ka bass, email:sk501763@gmail.com, name:Elephant village, name:de:Elefantenreiten, name:en:Elephant Riding, phone:+918233976590, tourism:attraction",Elephant village (OSM data)
Unknown,tourist_attraction,"26.9170488, 75.8167405","name:en:M, tourism:attraction",Unknown (OSM data)
Neota Dam,tourist_attraction,"26.8039663, 75.6811564","alt_name:nevta dam, name:Neota Dam, tourism:attraction, wikidata:Q108439897, wikipedia:en:Nevta Dam",Neota Dam (OSM data)
Amer Palace,tourist_attraction,"26.9859367, 75.8537139","entrance:main, name:Amer Palace, tourism:attraction",Amer Palace (OSM data)
Diwan-i-Khas,tourist_attraction,"26.985793, 75.8506391","name:Diwan-i-Khas, tourism:attraction",Diwan-i-Khas (OSM data)
rooftop view metal staircase,tourist_attraction,"26.9238157, 75.8206609","name:rooftop view metal staircase, name:en:Rooftop view stairs, tourism:attraction",rooftop view metal staircase (OSM data)
dune,tourist_attraction,"26.9401153, 75.8131635","name:dune, tourism:attraction",dune (OSM data)
EleJungle- Jaipur Elephant Ride,tourist_attraction,"26.9942241, 75.8779448","name:EleJungle- Jaipur Elephant Ride, tourism:attraction",EleJungle- Jaipur Elephant Ride (OSM data)
Jal Mahal,tourist_attraction,"26.9534274, 75.8461475","building:yes, castle_type:palace, historic:castle, name:Jal Mahal, name:cs:Džal Mahál, name:en:Lake Palace, name:fa:جال محل, name:hi:जल महल, name:ja:水の宮殿, name:ru:Джал-Махал, name:ta:ஜல் மகால், name:tg:Ҷол Маҳол, name:ur:جل محل, name:zh:水之宫殿, opening_hours:24/7, tourism:attraction, wikidata:Q2757538, wikipedia:en:Jal Mahal",Jal Mahal (OSM data)
City Palace,tourist_attraction,"26.9262372, 75.8238122","alt_name:The City Palace, castle_type:palace, historic:castle, museum:history, name:City Palace, tourism:attraction, url:https://www.royaljaipur.in/, wikidata:Q2723395, wikipedia:en:City Palace, Jaipur",City Palace (OSM data)
Patrika Gate,tourist_attraction,"26.8415071, 75.8013646","building:gate, historic:monument, name:Patrika Gate, name:en:Patrika Gate, opening_hours:24/7, tourism:attraction",Patrika Gate (OSM data)
Bhangarh Haunted Fort,tourist_attraction,"27.0956392, 76.2871447","historic:castle, name:Bhangarh Haunted Fort, ruins:yes, tourism:attraction, wikidata:Q15061692",Bhangarh Haunted Fort (OSM data)
Unknown,tourist_attraction,"26.8996805, 75.8536914","leisure:garden, name:en:Vidyadhar Garden, opening_hours:Mo-Su 08:00-17:00, 18:00-20:00, tourism:attraction",Unknown (OSM data)
